{
  "MedViT": {
    "model": "MedViT",
    "accuracy": 0.5513698630136986,
    "precision": 0.6674700733493419,
    "recall": 0.5513698630136986,
    "f1_score": 0.590686059012212,
    "confusion_matrix": [
      [
        26,
        36
      ],
      [
        95,
        135
      ]
    ],
    "avg_inference_time_ms": 55.61912065749224
  },
  "EfficientNet": {
    "model": "EfficientNet",
    "accuracy": 0.3184931506849315,
    "precision": 0.6117185740319839,
    "recall": 0.3184931506849315,
    "f1_score": 0.3275063316880188,
    "confusion_matrix": [
      [
        43,
        19
      ],
      [
        180,
        50
      ]
    ],
    "avg_inference_time_ms": 43.6589209006816
  }
}